data,total,average,maximum,max month,minimum,min month
sales,45542,3795.1666666666665,7479,jul,1521,feb
expenditure,30159,2513.25,3965,mar,1098,apr
profit,15383,1281.9166666666667,5793,nov,-2123,mar
